{"cameraMode":{"drawMode":0,"name":"Shaded","section":"Shading Mode"},"sceneLighting":true,"audioPlay":false,"sceneViewState":{"showFog":true,"showMaterialUpdate":false,"showSkybox":false,"showFlares":true,"showImageEffects":true,"showParticleSystems":true},"in2DMode":false,"pivot":{"x":0.7980333566665649,"y":1.7351667881011963,"z":1.3633074760437012},"rotation":{"x":-0.16711193323135377,"y":0.0340079627931118,"z":-0.005766771268099546,"w":-0.9853343963623047},"size":5.185959815979004,"orthographic":false}